"Server Name","Service Acct","Acct in AD?","Acct in SS?","Admin Group","A.Exists?","Config Group","C.Exists?","Log Group","L.Exists?"
"dvbp01uwap","svc_dvbp_p","True","True","dvbp01uwap_admin","True","dv.serverconf.prod","True","dv.serverlog.prod","True"
"dvbp02uwap","svc_dvbp_p","True","True","dvbp02uwap_admin","True","dv.serverconf.prod","True","dv.serverlog.prod","True"
"dvbp03uwap","svc_dvbp_p","True","True","dvbp03uwap_admin","True","dv.serverconf.prod","True","dv.serverlog.prod","True"
"dvbp04uwap","svc_dvbp_p","True","True","dvbp04uwap_admin","True","dv.serverconf.prod","True","dv.serverlog.prod","True"
"dvbp05uwap","svc_dvbp_p","True","True","dvbp05uwap_admin","True","dv.serverconf.prod","True","dv.serverlog.prod","True"
"dvbp06uwap","svc_dvbp_p","True","True","dvbp06uwap_admin","True","dv.serverconf.prod","True","dv.serverlog.prod","True"
