"Server Name","Service Acct","Acct in AD?","Acct in SS?","Admin Group","A.Exists?","Config Group","C.Exists?","Log Group","L.Exists?"
"dvapp02mwap","svc_dvapp_p","True","True","dvapp02mwap_admin","True","dv.serverconf.prod","True","dv.serverlog.prod","True"
"dvapp03mwap","svc_dvapp_p","True","True","dvapp03mwap_admin","True","dv.serverconf.prod","True","dv.serverlog.prod","True"
"dvapp04mwap","svc_dvapp_p","True","True","dvapp04mwap_admin","True","dv.serverconf.prod","True","dv.serverlog.prod","True"
"dvapp05mwap","svc_dvapp_p","True","True","dvapp05mwap_admin","True","dv.serverconf.prod","True","dv.serverlog.prod","True"
"dvgw02mwwp","svc_dvgw_p","True","True","dvgw02mwwp_admin","True","dv.serverconf.prod","True","dv.serverlog.prod","True"
"dvgw04mwwp","svc_dvgw_p","True","True","dvgw04mwwp_admin","True","dv.serverconf.prod","True","dv.serverlog.prod","True"
"dvgw05mwwp","svc_dvgw_p","True","True","dvgw05mwwp_admin","True","dv.serverconf.prod","True","dv.serverlog.prod","True"
"dvgw06mwwp","svc_dvgw_p","True","True","dvgw06mwwp_admin","True","dv.serverconf.prod","True","dv.serverlog.prod","True"
"dvinet02mwwp","svc_dvinet_p","True","True","dvinet02mwwp_admin","True","dv.serverconf.prod","True","dv.serverlog.prod","True"
"dvinet03mwwp","svc_dvinet_p","True","True","dvinet03mwwp_admin","True","dv.serverconf.prod","True","dv.serverlog.prod","True"
"dvpdf02mwap","svc_dvpdf_p","True","True","dvpdf02mwap_admin","True","dv.serverconf.prod","True","dv.serverlog.prod","True"
"dvpdf03mwap","svc_dvpdf_p","True","True","dvpdf03mwap_admin","True","dv.serverconf.prod","True","dv.serverlog.prod","True"
"dvpdf04mwap","svc_dvpdf_p","True","True","dvpdf04mwap_admin","True","dv.serverconf.prod","True","dv.serverlog.prod","True"
"dvweb02mwwp","svc_dvweb_p","True","True","dvweb02mwwp_admin","True","dv.serverconf.prod","True","dv.serverlog.prod","True"
"dvweb03mwwp","svc_dvweb_p","True","True","dvweb03mwwp_admin","True","dv.serverconf.prod","True","dv.serverlog.prod","True"
"dvweb04mwwp","svc_dvweb_p","True","True","dvweb04mwwp_admin","True","dv.serverconf.prod","True","dv.serverlog.prod","True"
"dvweb05mwwp","svc_dvweb_p","True","True","dvweb05mwwp_admin","True","dv.serverconf.prod","True","dv.serverlog.prod","True"
"dvweb06mwwp","svc_dvweb_p","True","True","dvweb06mwwp_admin","True","dv.serverconf.prod","True","dv.serverlog.prod","True"
"dvweb07mwwp","svc_dvweb_p","True","True","dvweb07mwwp_admin","True","dv.serverconf.prod","True","dv.serverlog.prod","True"
"dvweb08mwwp","svc_dvweb_p","True","True","dvweb08mwwp_admin","True","dv.serverconf.prod","True","dv.serverlog.prod","True"
