"Server Name","Service Acct","Acct in AD?","Acct in SS?","Admin Group","A.Exists?","Config Group","C.Exists?","Log Group","L.Exists?"
"dvapp01mwap","svc_dvapp_p","True","True","dvapp01mwap_admin","True","dv.serverconf.prod","True","dv.serverlog.prod","True"
"dvgw01mwwp","svc_dvgw_p","True","True","dvgw01mwwp_admin","True","dv.serverconf.prod","True","dv.serverlog.prod","True"
"dvinet01mwwp","svc_dvinet_p","True","True","dvinet01mwwp_admin","True","dv.serverconf.prod","True","dv.serverlog.prod","True"
"dvpdf01mwap","svc_dvpdf_p","True","True","dvpdf01mwap_admin","True","dv.serverconf.prod","True","dv.serverlog.prod","True"
"dvtask01mwap","svc_dvtask_p","True","True","dvtask01mwap_admin","True","dv.serverconf.prod","True","dv.serverlog.prod","True"
"dvweb01mwwp","svc_dvweb_p","True","True","dvweb01mwwp_admin","True","dv.serverconf.prod","True","dv.serverlog.prod","True"
