"Server Name","Service Acct","Acct in AD?","Acct in SS?","Admin Group","A.Exists?","Config Group","C.Exists?","Log Group","L.Exists?"
"dvapp01uwad","svc_dvapp_d","False","False","dvapp01uwad_admin","True","dv.serverconf.dev","True","dv.serverlog.dev","True"
"dvapp02uwad","svc_dvapp_d","True","True","dvapp02uwad_admin","True","dv.serverconf.dev","True","dv.serverlog.dev","True"
"dvbp01uwad","svc_dvbp_d","True","True","dvbp01uwad_admin","True","dv.serverconf.dev","True","dv.serverlog.dev","True"
"dvbp02uwad","svc_dvbp_d","True","True","dvbp02uwad_admin","True","dv.serverconf.dev","True","dv.serverlog.dev","True"
"dvfnma01uwad","svc_dvfnma_d","True","True","dvfnma01uwad_admin","True","dv.serverconf.dev","True","dv.serverlog.dev","True"
"dvfnma02uwad","svc_dvfnma_d","True","True","dvfnma02uwad_admin","True","dv.serverconf.dev","True","dv.serverlog.dev","True"
"dvgw01uwwd","svc_dvgw_d","True","True","dvgw01uwwd_admin","True","dv.serverconf.dev","True","dv.serverlog.dev","True"
"dvgw02uwwd","svc_dvgw_d","True","True","dvgw02uwwd_admin","True","dv.serverconf.dev","True","dv.serverlog.dev","True"
"dvinapi01uwad","svc_dvinapi_d","True","True","dvinapi01uwad_admin","True","dv.serverconf.dev","True","dv.serverlog.dev","True"
"dvinapi02uwad","svc_dvinapi_d","True","True","dvinapi02uwad_admin","True","dv.serverconf.dev","True","dv.serverlog.dev","True"
"dvinet01uwwd","svc_dvinet_d","True","True","dvinet01uwwd_admin","True","dv.serverconf.dev","True","dv.serverlog.dev","True"
"dvinet02uwwd","svc_dvinet_d","True","True","dvinet02uwwd_admin","True","dv.serverconf.dev","True","dv.serverlog.dev","True"
"dvintgw01uwad","svc_dvintgw_d","True","True","dvintgw01uwad_admin","True","dv.serverconf.dev","True","dv.serverlog.dev","True"
"dvintgw02uwad","svc_dvintgw_d","True","True","dvintgw02uwad_admin","True","dv.serverconf.dev","True","dv.serverlog.dev","True"
"dvmrtk01uwad","svc_dvmrtk_d","False","False","dvmrtk01uwad_admin","True","dv.serverconf.dev","True","dv.serverlog.dev","True"
"dvmrtk02uwad","svc_dvmrtk_d","True","True","dvmrtk02uwad_admin","True","dv.serverconf.dev","True","dv.serverlog.dev","True"
"dvpdf01uwad","svc_dvpdf_d","True","True","dvpdf01uwad_admin","True","dv.serverconf.dev","True","dv.serverlog.dev","True"
"dvpdf02uwad","svc_dvpdf_d","True","True","dvpdf02uwad_admin","True","dv.serverconf.dev","True","dv.serverlog.dev","True"
"dvscore01uwad","svc_dvscore_d","True","True","dvscore01uwad_admin","True","dv.serverconf.dev","True","dv.serverlog.dev","True"
"dvscore02uwad","svc_dvscore_d","True","True","dvscore02uwad_admin","True","dv.serverconf.dev","True","dv.serverlog.dev","True"
"dvtask01uwad","svc_dvtask_d","True","True","dvtask01uwad_admin","True","dv.serverconf.dev","True","dv.serverlog.dev","True"
"dvtaskapi01uwad","svc_dvtaskapi_d","True","True","dvtaskapi01uwad_admin","True","dv.serverconf.dev","True","dv.serverlog.dev","True"
"dvtaskapi02uwad","svc_dvtaskapi_d","True","True","dvtaskapi02uwad_admin","True","dv.serverconf.dev","True","dv.serverlog.dev","True"
"dvweb01uwwd","svc_dvweb_d","True","True","dvweb01uwwd_admin","True","dv.serverconf.dev","True","dv.serverlog.dev","True"
"dvweb02uwwd","svc_dvweb_d","True","True","dvweb02uwwd_admin","True","dv.serverconf.dev","True","dv.serverlog.dev","True"
