"Server Name","Service Acct","Acct in AD?","Acct in SS?","Admin Group","A.Exists?","Config Group","C.Exists?","Log Group","L.Exists?"
"dvinapi01uwad","svc_dvinapi_d","True","True","dvinapi01uwad_admin","True","dv.serverconf.dev","True","dv.serverlog.dev","True"
"dvinapi02uwad","svc_dvinapi_d","True","True","dvinapi02uwad_admin","True","dv.serverconf.dev","True","dv.serverlog.dev","True"
"dvintgw01uwad","svc_dvintgw_d","True","True","dvintgw01uwad_admin","True","dv.serverconf.dev","True","dv.serverlog.dev","True"
"dvintgw02uwad","svc_dvintgw_d","True","True","dvintgw02uwad_admin","True","dv.serverconf.dev","True","dv.serverlog.dev","True"
"dvtaskapi01uwad","svc_dvtaskapi_d","True","True","dvtaskapi01uwad_admin","True","dv.serverconf.dev","True","dv.serverlog.dev","True"
"dvtaskapi02uwad","svc_dvtaskapi_d","True","True","dvtaskapi02uwad_admin","True","dv.serverconf.dev","True","dv.serverlog.dev","True"
