"Server Name","Service Acct","Acct in AD?","Acct in SS?","Admin Group","A.Exists?","Config Group","C.Exists?","Log Group","L.Exists?"
"dvbp01uwad","svc_dvbp_d","True","True","dvbp01uwad_admin","True","dv.serverconf.dev","True","dv.serverlog.dev","True"
"dvbp02uwad","svc_dvbp_d","True","True","dvbp02uwad_admin","True","dv.serverconf.dev","True","dv.serverlog.dev","True"
"dvbp01uwaq","svc_dvbp_q","False","False","dvbp01uwaq_admin","True","dv.serverconf.qa","True","dv.serverlog.qa","True"
"dvbp02uwaq","svc_dvbp_q","True","True","dvbp02uwaq_admin","True","dv.serverconf.qa","True","dv.serverlog.qa","True"
"dvbp01uwau","svc_dvbp_u","True","True","dvbp01uwau_admin","True","dv.serverconf.uat","True","dv.serverlog.uat","True"
"dvbp02uwau","svc_dvbp_u","True","True","dvbp02uwau_admin","True","dv.serverconf.uat","True","dv.serverlog.uat","True"
