"Server Name","Service Acct","Acct in AD?","Acct in SS?","Admin Group","A.Exists?","Config Group","C.Exists?","Log Group","L.Exists?"
"dvapp02uwaq","svc_dvapp_q","True","True","dvapp02uwaq_admin","True","dv.serverconf.qa","True","dv.serverlog.qa","True"
"dvgw02uwwq","svc_dvgw_q","True","True","dvgw02uwwq_admin","True","dv.serverconf.qa","True","dv.serverlog.qa","True"
"dvinet02uwwq","svc_dvinet_q","True","True","dvinet02uwwq_admin","True","dv.serverconf.qa","True","dv.serverlog.qa","True"
"dvpdf02uwaq","svc_dvpdf_q","True","True","dvpdf02uwaq_admin","True","dv.serverconf.qa","True","dv.serverlog.qa","True"
"dvweb02uwwq","svc_dvweb_q","True","True","dvweb02uwwq_admin","True","dv.serverconf.qa","True","dv.serverlog.qa","True"
