"Server Name","Service Acct","Acct in AD?","Acct in SS?","Admin Group","A.Exists?","Config Group","C.Exists?","Log Group","L.Exists?"
"dvapp01uwap","svc_dvapp_p","True","True","dvapp01uwap_admin","True","dv.serverconf.prod","True","dv.serverlog.prod","True"
"dvapp02uwap","svc_dvapp_p","True","True","dvapp02uwap_admin","True","dv.serverconf.prod","True","dv.serverlog.prod","True"
"dvapp03uwap","svc_dvapp_p","True","True","dvapp03uwap_admin","True","dv.serverconf.prod","True","dv.serverlog.prod","True"
"dvapp04uwap","svc_dvapp_p","True","True","dvapp04uwap_admin","True","dv.serverconf.prod","True","dv.serverlog.prod","True"
"dvapp05uwap","svc_dvapp_p","True","True","dvapp05uwap_admin","True","dv.serverconf.prod","True","dv.serverlog.prod","True"
"dvgw01uwwp","svc_dvgw_p","True","True","dvgw01uwwp_admin","True","dv.serverconf.prod","True","dv.serverlog.prod","True"
"dvgw02uwwp","svc_dvgw_p","True","True","dvgw02uwwp_admin","True","dv.serverconf.prod","True","dv.serverlog.prod","True"
"dvgw03uwwp","svc_dvgw_p","True","True","dvgw03uwwp_admin","True","dv.serverconf.prod","True","dv.serverlog.prod","True"
"dvgw04uwwp","svc_dvgw_p","True","True","dvgw04uwwp_admin","True","dv.serverconf.prod","True","dv.serverlog.prod","True"
"dvinet01uwwp","svc_dvinet_p","True","True","dvinet01uwwp_admin","True","dv.serverconf.prod","True","dv.serverlog.prod","True"
"dvinet02uwwp","svc_dvinet_p","True","True","dvinet02uwwp_admin","True","dv.serverconf.prod","True","dv.serverlog.prod","True"
"dvinet03uwwp","svc_dvinet_p","True","True","dvinet03uwwp_admin","True","dv.serverconf.prod","True","dv.serverlog.prod","True"
"dvpdf01uwap","svc_dvpdf_p","True","True","dvpdf01uwap_admin","True","dv.serverconf.prod","True","dv.serverlog.prod","True"
"dvpdf02uwap","svc_dvpdf_p","True","True","dvpdf02uwap_admin","True","dv.serverconf.prod","True","dv.serverlog.prod","True"
"dvpdf03uwap","svc_dvpdf_p","True","True","dvpdf03uwap_admin","True","dv.serverconf.prod","True","dv.serverlog.prod","True"
"dvpdf04uwap","svc_dvpdf_p","True","True","dvpdf04uwap_admin","True","dv.serverconf.prod","True","dv.serverlog.prod","True"
"dvweb01uwwp","svc_dvweb_p","True","True","dvweb01uwwp_admin","True","dv.serverconf.prod","True","dv.serverlog.prod","True"
"dvweb02uwwp","svc_dvweb_p","True","True","dvweb02uwwp_admin","True","dv.serverconf.prod","True","dv.serverlog.prod","True"
"dvweb03uwwp","svc_dvweb_p","True","True","dvweb03uwwp_admin","True","dv.serverconf.prod","True","dv.serverlog.prod","True"
"dvweb04uwwp","svc_dvweb_p","True","True","dvweb04uwwp_admin","True","dv.serverconf.prod","True","dv.serverlog.prod","True"
"dvweb05uwwp","svc_dvweb_p","True","True","dvweb05uwwp_admin","True","dv.serverconf.prod","True","dv.serverlog.prod","True"
"dvweb06uwwp","svc_dvweb_p","True","True","dvweb06uwwp_admin","True","dv.serverconf.prod","True","dv.serverlog.prod","True"
"dvweb07uwwp","svc_dvweb_p","True","True","dvweb07uwwp_admin","True","dv.serverconf.prod","True","dv.serverlog.prod","True"
"dvweb08uwwp","svc_dvweb_p","True","True","dvweb08uwwp_admin","True","dv.serverconf.prod","True","dv.serverlog.prod","True"
