"Server Name","Service Acct","Acct in AD?","Acct in SS?","Admin Group","A.Exists?","Config Group","C.Exists?","Log Group","L.Exists?"
"dvinapi01uwad","svc_dvinapi_d","True","True","dvinapi01uwad_admin","True","dv.serverconf.dev","True","dv.serverlog.dev","True"
"dvinapi02uwad","svc_dvinapi_d","True","True","dvinapi02uwad_admin","True","dv.serverconf.dev","True","dv.serverlog.dev","True"
"dvintgw01uwad","svc_dvintgw_d","True","True","dvintgw01uwad_admin","True","dv.serverconf.dev","True","dv.serverlog.dev","True"
"dvintgw02uwad","svc_dvintgw_d","True","True","dvintgw02uwad_admin","True","dv.serverconf.dev","True","dv.serverlog.dev","True"
"dvtaskapi01uwad","svc_dvtaskapi_d","True","True","dvtaskapi01uwad_admin","True","dv.serverconf.dev","True","dv.serverlog.dev","True"
"dvtaskapi02uwad","svc_dvtaskapi_d","True","True","dvtaskapi02uwad_admin","True","dv.serverconf.dev","True","dv.serverlog.dev","True"
"dvinapi01uwaq","svc_dvinapi_q","False","False","dvinapi01uwaq_admin","True","dv.serverconf.qa","True","dv.serverlog.qa","True"
"dvinapi02uwaq","svc_dvinapi_q","True","True","dvinapi02uwaq_admin","True","dv.serverconf.qa","True","dv.serverlog.qa","True"
"dvintgw01uwaq","svc_dvintgw_q","True","True","dvintgw01uwaq_admin","True","dv.serverconf.qa","True","dv.serverlog.qa","True"
"dvintgw02uwaq","svc_dvintgw_q","True","True","dvintgw02uwaq_admin","True","dv.serverconf.qa","True","dv.serverlog.qa","True"
"dvtaskapi01uwaq","svc_dvtaskapi_q","True","True","dvtaskapi01uwaq_admin","True","dv.serverconf.qa","True","dv.serverlog.qa","True"
"dvtaskapi02uwaq","svc_dvtaskapi_q","True","True","dvtaskapi02uwaq_admin","True","dv.serverconf.qa","True","dv.serverlog.qa","True"
"dvinapi01uwau","svc_dvinapi_u","True","True","dvinapi01uwau_admin","True","dv.serverconf.uat","True","dv.serverlog.uat","True"
"dvinapi02uwau","svc_dvinapi_u","True","True","dvinapi02uwau_admin","True","dv.serverconf.uat","True","dv.serverlog.uat","True"
"dvintgw01uwau","svc_dvintgw_u","True","True","dvintgw01uwau_admin","True","dv.serverconf.uat","True","dv.serverlog.uat","True"
"dvintgw02uwau","svc_dvintgw_u","True","True","dvintgw02uwau_admin","True","dv.serverconf.uat","True","dv.serverlog.uat","True"
"dvintgw03uwau","svc_dvintgw_u","True","True","dvintgw03uwau_admin","True","dv.serverconf.uat","True","dv.serverlog.uat","True"
"dvtaskapi01uwau","svc_dvtaskapi_u","True","True","dvtaskapi01uwau_admin","True","dv.serverconf.uat","True","dv.serverlog.uat","True"
"dvtaskapi02uwau","svc_dvtaskapi_u","True","True","dvtaskapi02uwau_admin","True","dv.serverconf.uat","True","dv.serverlog.uat","True"
"dvinapi01uwap","svc_dvinapi_p","False","False","dvinapi01uwap_admin","True","dv.serverconf.prod","True","dv.serverlog.prod","True"
"dvinapi02uwap","svc_dvinapi_p","True","True","dvinapi02uwap_admin","True","dv.serverconf.prod","True","dv.serverlog.prod","True"
"dvinapi03uwap","svc_dvinapi_p","True","True","dvinapi03uwap_admin","True","dv.serverconf.prod","True","dv.serverlog.prod","True"
"dvintgw01uwap","svc_dvintgw_p","True","True","dvintgw01uwap_admin","True","dv.serverconf.prod","True","dv.serverlog.prod","True"
"dvintgw02uwap","svc_dvintgw_p","True","True","dvintgw02uwap_admin","True","dv.serverconf.prod","True","dv.serverlog.prod","True"
"dvintgw03uwap","svc_dvintgw_p","True","True","dvintgw03uwap_admin","True","dv.serverconf.prod","True","dv.serverlog.prod","True"
"dvtaskapi01uwap","svc_dvtaskapi_p","True","True","dvtaskapi01uwap_admin","True","dv.serverconf.prod","True","dv.serverlog.prod","True"
"dvtaskapi02uwap","svc_dvtaskapi_p","True","True","dvtaskapi02uwap_admin","True","dv.serverconf.prod","True","dv.serverlog.prod","True"
"dvinapi01mwap","svc_dvinapi_p","True","True","dvinapi01mwap_admin","True","dv.serverconf.prod","True","dv.serverlog.prod","True"
"dvinapi02mwap","svc_dvinapi_p","True","True","dvinapi02mwap_admin","True","dv.serverconf.prod","True","dv.serverlog.prod","True"
"dvinapi03mwap","svc_dvinapi_p","True","True","dvinapi03mwap_admin","True","dv.serverconf.prod","True","dv.serverlog.prod","True"
"dvintgw01mwap","svc_dvintgw_p","True","True","dvintgw01mwap_admin","True","dv.serverconf.prod","True","dv.serverlog.prod","True"
"dvintgw02mwap","svc_dvintgw_p","True","True","dvintgw02mwap_admin","True","dv.serverconf.prod","True","dv.serverlog.prod","True"
"dvintgw03mwap","svc_dvintgw_p","True","True","dvintgw03mwap_admin","True","dv.serverconf.prod","True","dv.serverlog.prod","True"
"dvtaskapi01mwap","svc_dvtaskapi_p","True","True","dvtaskapi01mwap_admin","True","dv.serverconf.prod","True","dv.serverlog.prod","True"
"dvtaskapi02mwap","svc_dvtaskapi_p","True","True","dvtaskapi02mwap_admin","True","dv.serverconf.prod","True","dv.serverlog.prod","True"
