"Server Name","Service Acct","Acct in AD?","Acct in SS?","Admin Group","A.Exists?","Config Group","C.Exists?","Log Group","L.Exists?"
"dvapp01uwau","svc_dvapp_u","True","True","dvapp01uwau_admin","True","dv.serverconf.uat","True","dv.serverlog.uat","True"
"dvapp02uwau","svc_dvapp_u","True","True","dvapp02uwau_admin","True","dv.serverconf.uat","True","dv.serverlog.uat","True"
"dvapp03uwau","svc_dvapp_u","True","True","dvapp03uwau_admin","True","dv.serverconf.uat","True","dv.serverlog.uat","True"
"dvapp04uwau","svc_dvapp_u","True","True","dvapp04uwau_admin","True","dv.serverconf.uat","True","dv.serverlog.uat","True"
"dvbp01uwau","svc_dvbp_u","True","True","dvbp01uwau_admin","True","dv.serverconf.uat","True","dv.serverlog.uat","True"
"dvbp02uwau","svc_dvbp_u","True","True","dvbp02uwau_admin","True","dv.serverconf.uat","True","dv.serverlog.uat","True"
"dvfnma01uwau","svc_dvfnma_u","True","True","dvfnma01uwau_admin","True","dv.serverconf.uat","True","dv.serverlog.uat","True"
"dvfnma02uwau","svc_dvfnma_u","True","True","dvfnma02uwau_admin","True","dv.serverconf.uat","True","dv.serverlog.uat","True"
"dvgw01uwwu","svc_dvgw_u","True","True","dvgw01uwwu_admin","True","dv.serverconf.uat","True","dv.serverlog.uat","True"
"dvgw02uwwu","svc_dvgw_u","True","True","dvgw02uwwu_admin","True","dv.serverconf.uat","True","dv.serverlog.uat","True"
"dvgw03uwwu","svc_dvgw_u","True","True","dvgw03uwwu_admin","True","dv.serverconf.uat","True","dv.serverlog.uat","True"
"dvgw04uwwu","svc_dvgw_u","True","True","dvgw04uwwu_admin","True","dv.serverconf.uat","True","dv.serverlog.uat","True"
"dvinapi01uwau","svc_dvinapi_u","True","True","dvinapi01uwau_admin","True","dv.serverconf.uat","True","dv.serverlog.uat","True"
"dvinapi02uwau","svc_dvinapi_u","True","True","dvinapi02uwau_admin","True","dv.serverconf.uat","True","dv.serverlog.uat","True"
"dvinet01uwwu","svc_dvinet_u","True","True","dvinet01uwwu_admin","True","dv.serverconf.uat","True","dv.serverlog.uat","True"
"dvinet02uwwu","svc_dvinet_u","True","True","dvinet02uwwu_admin","True","dv.serverconf.uat","True","dv.serverlog.uat","True"
"dvpdf01uwau","svc_dvpdf_u","True","True","dvpdf01uwau_admin","True","dv.serverconf.uat","True","dv.serverlog.uat","True"
"dvpdf02uwau","svc_dvpdf_u","True","True","dvpdf02uwau_admin","True","dv.serverconf.uat","True","dv.serverlog.uat","True"
"dvpdf03uwau","svc_dvpdf_u","True","True","dvpdf03uwau_admin","True","dv.serverconf.uat","True","dv.serverlog.uat","True"
"dvtask01uwau","svc_dvtask_u","True","True","dvtask01uwau_admin","True","dv.serverconf.uat","True","dv.serverlog.uat","True"
"dvweb01uwwu","svc_dvweb_u","True","True","dvweb01uwwu_admin","True","dv.serverconf.uat","True","dv.serverlog.uat","True"
"dvweb02uwwu","svc_dvweb_u","True","True","dvweb02uwwu_admin","True","dv.serverconf.uat","True","dv.serverlog.uat","True"
"dvweb03uwwu","svc_dvweb_u","True","True","dvweb03uwwu_admin","True","dv.serverconf.uat","True","dv.serverlog.uat","True"
"dvweb04uwwu","svc_dvweb_u","True","True","dvweb04uwwu_admin","True","dv.serverconf.uat","True","dv.serverlog.uat","True"
