"Server Name","Service Acct","Acct in AD?","Acct in SS?","Admin Group","A.Exists?","Config Group","C.Exists?","Log Group","L.Exists?"
"dvinapi01uwaq","svc_dvinapi_q","True","True","dvinapi01uwaq_admin","True","dv.serverconf.qa","True","dv.serverlog.qa","True"
"dvinapi02uwaq","svc_dvinapi_q","True","True","dvinapi02uwaq_admin","True","dv.serverconf.qa","True","dv.serverlog.qa","True"
"dvinet02uwwq","svc_dvinet_q","True","True","dvinet02uwwq_admin","True","dv.serverconf.qa","True","dv.serverlog.qa","True"
"dvpdf02uwaq","svc_dvpdf_q","True","True","dvpdf02uwaq_admin","True","dv.serverconf.qa","True","dv.serverlog.qa","True"
"dvweb02uwwq","svc_dvweb_q","True","True","dvweb02uwwq_admin","True","dv.serverconf.qa","True","dv.serverlog.qa","True"
