"Server Name","Service Acct","Acct in AD?","Acct in SS?","Admin Group","A.Exists?","Config Group","C.Exists?","Log Group","L.Exists?"
"dvinapi01uwap","svc_dvinapi_p","True","True","dvinapi01uwap_admin","True","dv.serverconf.prod","True","dv.serverlog.prod","True"
"dvinapi02uwap","svc_dvinapi_p","True","True","dvinapi02uwap_admin","True","dv.serverconf.prod","True","dv.serverlog.prod","True"
"dvinapi03uwap","svc_dvinapi_p","True","True","dvinapi03uwap_admin","True","dv.serverconf.prod","True","dv.serverlog.prod","True"
"dvinapi01mwap","svc_dvinapi_p","True","True","dvinapi01mwap_admin","True","dv.serverconf.prod","True","dv.serverlog.prod","True"
"dvinapi02mwap","svc_dvinapi_p","True","True","dvinapi02mwap_admin","True","dv.serverconf.prod","True","dv.serverlog.prod","True"
"dvinapi03mwap","svc_dvinapi_p","True","True","dvinapi03mwap_admin","True","dv.serverconf.prod","True","dv.serverlog.prod","True"
