"Server Name","Service Acct","Acct in AD?","Acct in SS?","Admin Group","A.Exists?","Config Group","C.Exists?","Log Group","L.Exists?"
"dvapp01uwap","svc_dvapp_p","False","False","dvapp01uwap_admin","True","dv.serverconf.prod","True","dv.serverlog.prod","True"
"dvgw01uwwp","svc_dvgw_p","False","False","dvgw01uwwp_admin","True","dv.serverconf.prod","True","dv.serverlog.prod","True"
"dvinet01uwwp","svc_dvinet_p","False","False","dvinet01uwwp_admin","True","dv.serverconf.prod","True","dv.serverlog.prod","True"
"dvpdf01uwap","svc_dvpdf_p","False","False","dvpdf01uwap_admin","True","dv.serverconf.prod","True","dv.serverlog.prod","True"
"dvtask01uwap","svc_dvtask_p","False","False","dvtask01uwap_admin","True","dv.serverconf.prod","True","dv.serverlog.prod","True"
"dvweb01uwwp","svc_dvweb_p","False","False","dvweb01uwwp_admin","True","dv.serverconf.prod","True","dv.serverlog.prod","True"
