"Server Name","Service Acct","Acct in AD?","Acct in SS?","Admin Group","A.Exists?","Config Group","C.Exists?","Log Group","L.Exists?"
"ibadmin01uwwq","svc_ibadmin_q","True","True","ibadmin01uwwq_admin","True","ib.serverconf.qa","False","ib.serverlog.qa","False"
"ibassets01uwwq","svc_ibassets_q","False","False","ibassets01uwwq_admin","True","ib.serverconf.qa","True","ib.serverlog.qa","True"
"ibinteg01uwwq","svc_ibinteg_q","False","False","ibinteg01uwwq_admin","True","ib.serverconf.qa","True","ib.serverlog.qa","True"
"ibrvproxy01uwaq","svc_ibrvproxy_q","False","False","ibrvproxy01uwaq_admin","True","ib.serverconf.qa","True","ib.serverlog.qa","True"
"ibweb01uwwq","svc_ibweb_q","False","False","ibweb01uwwq_admin","True","ib.serverconf.qa","True","ib.serverlog.qa","True"
"ibwidget01uwwq","svc_ibwidget_q","False","False","ibwidget01uwwq_admin","True","ib.serverconf.qa","True","ib.serverlog.qa","True"
